{
  "linear": {
    "mse": 0.5558915986952444,
    "r2": 0.5757877060324508,
    "mae": 0.5332001304956565
  },
  "ridge": {
    "best_alpha": 0.001,
    "mse": 0.5558915618350113,
    "r2": 0.5757877341612515,
    "mae": 0.53320012333683
  },
  "lasso": {
    "best_alpha": 0.001,
    "mse": 0.5544913600832686,
    "r2": 0.5768562568705682,
    "mae": 0.5331447750392391
  }
}